continent,measurement_year,pm2.5_(μg/m3)_forecast
Europe,2021,11.86550271886938
Europe,2022,11.452094723203118
Europe,2023,11.038686727536742
Europe,2024,10.62527873187048
Europe,2025,10.211870736204219
Europe,2026,9.798462740537843
Europe,2027,9.385054744871582
Europe,2028,8.97164674920532
Europe,2029,8.558238753538944
Europe,2030,8.144830757872683
